<?xml version="1.0" encoding="UTF-8"?>
<project-private xmlns="http://www.netbeans.org/ns/project-private/1">
    <editor-bookmarks xmlns="http://www.netbeans.org/ns/editor-bookmarks/2" lastBookmarkId="0"/>
    <open-files xmlns="http://www.netbeans.org/ns/projectui-open-files/2">
        <group>
            <file>file:/C:/xampp/htdocs/kasa/app/View/Layouts/default.ctp</file>
            <file>file:/C:/xampp/htdocs/kasa/app/Model/Property.php</file>
            <file>file:/C:/xampp/htdocs/kasa/app/Plugin/Admin/Controller/PhotosController.php</file>
            <file>file:/C:/xampp/htdocs/kasa/app/Plugin/Admin/Controller/DetailsController.php</file>
            <file>file:/C:/xampp/htdocs/kasa/app/Plugin/Admin/Controller/LocationsController.php</file>
            <file>file:/C:/xampp/htdocs/kasa/app/Plugin/Admin/View/Properties/details.ctp</file>
            <file>file:/C:/xampp/htdocs/kasa/app/Model/Photo.php</file>
            <file>file:/C:/xampp/htdocs/kasa/app/config/core.php</file>
            <file>file:/C:/xampp/htdocs/kasa/app/Plugin/Admin/Controller/AdminAppController.php</file>
            <file>file:/C:/xampp/htdocs/kasa/app/Model/Detail.php</file>
            <file>file:/C:/xampp/htdocs/kasa/app/Plugin/Admin/View/Properties/add.ctp</file>
            <file>file:/C:/xampp/htdocs/kasa/app/Plugin/Admin/Controller/PropertiesController.php</file>
            <file>file:/C:/xampp/htdocs/kasa/app/Plugin/Admin/View/Properties/edit.ctp</file>
            <file>file:/C:/xampp/htdocs/kasa/app/Model/Location.php</file>
            <file>file:/C:/xampp/htdocs/kasa/app/Plugin/Admin/View/Properties/index.ctp</file>
            <file>file:/C:/xampp/htdocs/kasa/app/Plugin/Admin/View/Properties/details_add.ctp</file>
        </group>
    </open-files>
</project-private>
